{"flextrackv2_b224_56_abl_rung0": {"mat": [[0.13412660360336304, 0.11285057663917542, 0.06963807344436646, 0.21157266199588776, 0.23406504094600677, 0.07188624888658524, 0.1262216418981552, 0.03963911160826683], [0.07174596935510635, 0.14053218066692352, 0.14233310520648956, 0.08791553229093552, 0.12230346351861954, 0.10593210905790329, 0.2096160650253296, 0.11962160468101501], [0.15050140023231506, 0.0913909450173378, 0.09004399925470352, 0.17343352735042572, 0.18419118225574493, 0.081740602850914, 0.1689136028289795, 0.05978469178080559]], "ent": {"full": 1.9481676816940308, "aux-miss": 2.03236985206604, "rgb-miss": 2.009416341781616}, "shift": {"aux-miss": 0.7035229206085205, "rgb-miss": 0.28345605731010437}, "n": 250}, "flextrackv2_b224_56_abl_no_hallucinate": {"mat": [[0.12642432749271393, 0.17444010078907013, 0.09199103713035583, 0.1511920541524887, 0.205379456281662, 0.08221360296010971, 0.12246569246053696, 0.04589380696415901], [0.2010100930929184, 0.13709795475006104, 0.011672688648104668, 0.14524570107460022, 0.25902530550956726, 0.12395735085010529, 0.09474382549524307, 0.027247117832303047], [0.1262982338666916, 0.1240525171160698, 0.12611855566501617, 0.12348634004592896, 0.15966199338436127, 0.09361068159341812, 0.17261742055416107, 0.07415427267551422]], "ent": {"full": 2.0002779960632324, "aux-miss": 1.8572351932525635, "rgb-miss": 2.0504603385925293}, "shift": {"aux-miss": 0.5732479095458984, "rgb-miss": 0.387645959854126}, "n": 250}}