{"flextrackv2_b224_56_abl_rung0": {"n_seq": 12, "sim_map": [[0.9886312484741211, 0.9880622029304504, 0.9893069267272949, 0.9876363277435303, 0.9840757250785828, 0.9829471111297607, 0.9832856059074402, 0.9838882088661194, 0.9846775531768799, 0.9852263927459717, 0.9864201545715332, 0.985712468624115, 0.9857030510902405, 0.9860122799873352], [0.9889565110206604, 0.9882836937904358, 0.9878726601600647, 0.987485945224762, 0.9874942898750305, 0.9863280653953552, 0.9853866100311279, 0.9850437045097351, 0.9842877388000488, 0.9855967164039612, 0.9862305521965027, 0.9868847727775574, 0.9875648021697998, 0.9874374270439148], [0.9902033805847168, 0.9899809956550598, 0.9902845025062561, 0.9894421100616455, 0.9874944090843201, 0.9857056736946106, 0.9844028353691101, 0.9851300120353699, 0.9853575229644775, 0.9851279258728027, 0.9848403930664062, 0.9859010577201843, 0.9867200255393982, 0.987875759601593], [0.9901241660118103, 0.9895954132080078, 0.9893007278442383, 0.9891643524169922, 0.989081621170044, 0.9892669320106506, 0.9882648587226868, 0.9887481331825256, 0.9884350299835205, 0.9882647395133972, 0.9880314469337463, 0.9886400699615479, 0.9885960221290588, 0.9906721711158752], [0.9863271117210388, 0.9854776859283447, 0.986565113067627, 0.9855124354362488, 0.9855239391326904, 0.987038791179657, 0.9834304451942444, 0.9847518801689148, 0.9856317639350891, 0.9838058948516846, 0.984791100025177, 0.9845495223999023, 0.9859456419944763, 0.9882426261901855], [0.9889266490936279, 0.9888197779655457, 0.9885311126708984, 0.987490177154541, 0.9879074096679688, 0.9865617752075195, 0.983407735824585, 0.983389139175415, 0.987171471118927, 0.9870839715003967, 0.9857103228569031, 0.9860422611236572, 0.9880549311637878, 0.9887809753417969], [0.9907127022743225, 0.9903296828269958, 0.9897850155830383, 0.9897240996360779, 0.9893758893013, 0.987474262714386, 0.9861226677894592, 0.9867892265319824, 0.9858067631721497, 0.989541232585907, 0.9889532923698425, 0.9889717102050781, 0.9903739094734192, 0.990756094455719], [0.9914944171905518, 0.9909777641296387, 0.9902933239936829, 0.9913466572761536, 0.990145742893219, 0.9869464039802551, 0.9852042198181152, 0.9872434735298157, 0.989700973033905, 0.990898609161377, 0.9896757006645203, 0.9896383881568909, 0.991236686706543, 0.9924027919769287], [0.99184250831604, 0.9915669560432434, 0.9911311268806458, 0.9915525317192078, 0.9916572570800781, 0.9886987209320068, 0.9861171841621399, 0.9873313903808594, 0.9910764098167419, 0.9909698367118835, 0.9901179671287537, 0.9909206032752991, 0.9910473227500916, 0.9918733239173889], [0.992824375629425, 0.9925470948219299, 0.9929220080375671, 0.9919407963752747, 0.9922754764556885, 0.9917932152748108, 0.9899930357933044, 0.9908003807067871, 0.9925395846366882, 0.992582380771637, 0.9920485019683838, 0.9925780892372131, 0.993179976940155, 0.9932008385658264], [0.9929195046424866, 0.9936982989311218, 0.9938797354698181, 0.992953360080719, 0.9926512241363525, 0.9919821619987488, 0.9921792149543762, 0.9917084574699402, 0.9913505911827087, 0.9915522933006287, 0.9938398003578186, 0.9943699836730957, 0.9937167763710022, 0.9922819137573242], [0.9908924698829651, 0.990903913974762, 0.9914156794548035, 0.9916191697120667, 0.9909502863883972, 0.990924060344696, 0.9919984936714172, 0.9897475242614746, 0.9903097748756409, 0.9905713200569153, 0.9911169409751892, 0.9923326373100281, 0.9917117953300476, 0.9907388687133789], [0.9912667274475098, 0.9919957518577576, 0.9933655858039856, 0.9935264587402344, 0.9924264550209045, 0.9912726283073425, 0.9910979866981506, 0.9902796149253845, 0.990497887134552, 0.9898653030395508, 0.991426944732666, 0.9899163842201233, 0.9923685193061829, 0.9920980930328369], [0.9924942851066589, 0.9931280612945557, 0.9943308234214783, 0.9937495589256287, 0.9909105896949768, 0.9900370240211487, 0.988973081111908, 0.9900581240653992, 0.9909763336181641, 0.989739716053009, 0.9917024970054626, 0.9915206432342529, 0.9932429790496826, 0.9940164089202881]], "hal_map": [[0.9775921702384949, 0.976157009601593, 0.9785976409912109, 0.9753724932670593, 0.968388020992279, 0.9664044976234436, 0.9668914675712585, 0.9680485129356384, 0.9696837067604065, 0.9707810878753662, 0.9730391502380371, 0.971756637096405, 0.971909761428833, 0.972554624080658], [0.9776913523674011, 0.9763081669807434, 0.9753379821777344, 0.9743049144744873, 0.9744386672973633, 0.9723308086395264, 0.9704669117927551, 0.9696902632713318, 0.9682281017303467, 0.9708366990089417, 0.9720221161842346, 0.9732105731964111, 0.9745675921440125, 0.9741056561470032], [0.9803717732429504, 0.9797132611274719, 0.9802325367927551, 0.9783651828765869, 0.9744991660118103, 0.9710476398468018, 0.9686594605445862, 0.9699898362159729, 0.9702386856079102, 0.969592273235321, 0.9688969254493713, 0.970965564250946, 0.9725094437599182, 0.9749156832695007], [0.9801722168922424, 0.979019820690155, 0.9782638549804688, 0.977745771408081, 0.9776372313499451, 0.9782773852348328, 0.9762800335884094, 0.9770474433898926, 0.9761108756065369, 0.9756712913513184, 0.9751556515693665, 0.9764161109924316, 0.9764568209648132, 0.9805477261543274], [0.9721309542655945, 0.9701175093650818, 0.9722011685371399, 0.9700455665588379, 0.9700645804405212, 0.9733834862709045, 0.965603768825531, 0.9685285687446594, 0.9703620076179504, 0.9663493633270264, 0.9684861302375793, 0.9680240750312805, 0.9709126353263855, 0.9756725430488586], [0.9774807095527649, 0.9772754311561584, 0.9764857888221741, 0.974247395992279, 0.9751112461090088, 0.9724847674369812, 0.965374231338501, 0.9651623368263245, 0.9735634326934814, 0.9732417464256287, 0.9702580571174622, 0.971001386642456, 0.9753067493438721, 0.9768369793891907], [0.9813280701637268, 0.9803898930549622, 0.9792425036430359, 0.9791067242622375, 0.978354275226593, 0.974227249622345, 0.9713561534881592, 0.972478449344635, 0.970646321773529, 0.9784238934516907, 0.9771935939788818, 0.9772779941558838, 0.9801945090293884, 0.9809065461158752], [0.9827457070350647, 0.9815734028816223, 0.9802547097206116, 0.9823789000511169, 0.9798231720924377, 0.9731608033180237, 0.9691898822784424, 0.9734116196632385, 0.9786765575408936, 0.9811467528343201, 0.978576123714447, 0.9786021709442139, 0.9819361567497253, 0.9843146800994873], [0.9834569096565247, 0.9828924536705017, 0.9818124771118164, 0.9826772212982178, 0.9827857613563538, 0.9768814444541931, 0.9711976051330566, 0.9735500812530518, 0.9815163612365723, 0.9812098145484924, 0.9794692993164062, 0.9811568260192871, 0.9814209342002869, 0.9832095503807068], [0.9855978488922119, 0.9847369194030762, 0.9853825569152832, 0.9832940697669983, 0.9840583801269531, 0.9831449389457703, 0.979377031326294, 0.98089599609375, 0.9846758246421814, 0.9846498966217041, 0.9835354685783386, 0.9846563935279846, 0.9859128594398499, 0.9860053062438965], [0.98582524061203, 0.9870955944061279, 0.9874117970466614, 0.9854779243469238, 0.9849119186401367, 0.9837026000022888, 0.9841668009757996, 0.9833715558052063, 0.9826536178588867, 0.9829922318458557, 0.9873486161231995, 0.9884469509124756, 0.987248420715332, 0.9844372868537903], [0.9815865159034729, 0.9814676642417908, 0.9823267459869385, 0.9827222228050232, 0.9814005494117737, 0.9815287590026855, 0.9838903546333313, 0.9794588685035706, 0.98048335313797, 0.9809481501579285, 0.9819705486297607, 0.9844151139259338, 0.9832060933113098, 0.9813026785850525], [0.9822587370872498, 0.9836035370826721, 0.9862771034240723, 0.9866442680358887, 0.9844346642494202, 0.9823372960090637, 0.9820106029510498, 0.980118453502655, 0.9805808663368225, 0.9793572425842285, 0.9822595119476318, 0.9794663786888123, 0.9843294620513916, 0.9838231205940247], [0.9849795699119568, 0.9859662652015686, 0.9883792400360107, 0.9870900511741638, 0.9815652966499329, 0.9799414277076721, 0.977668046951294, 0.979821503162384, 0.9814333915710449, 0.9788842797279358, 0.9827449917793274, 0.9824827313423157, 0.986066997051239, 0.9876585602760315]],