{"per_seq": {"10runone": {"div": 0.6972946333636713, "attr": [0, 1, 0, 0, 0, 0, 0, 0, 0, 0, 1, 1, 1, 1, 0, 0, 1, 0, 0]}, "11leftboy": {"div": 0.6483608221550895, "attr": [0, 1, 0, 0, 1, 0, 0, 0, 0, 0, 1, 1, 1, 1, 0, 0, 0, 0, 0]}, "11runtwo": {"div": 0.6162280576774756, "attr": [0, 1, 0, 0, 1, 0, 0, 0, 1, 0, 1, 1, 1, 1, 0, 0, 1, 1, 0]}, "1blackteacher": {"div": 0.6293409517512006, "attr": [0, 1, 0, 0, 0, 0, 0, 0, 0, 0, 0, 0, 0, 1, 0, 0, 0, 0, 0]}, "1boycoming": {"div": 0.683618184663758, "attr": [0, 1, 0, 0, 0, 0, 0, 0, 0, 0, 0, 1, 0, 0, 0, 0, 0, 1, 0]}, "1stcol4thboy": {"div": 0.6651478461207958, "attr": [0, 1, 0, 0, 0, 0, 0, 0, 1, 0, 0, 1, 1, 1, 1, 0, 1, 1, 1]}, "1strowleftboyturning": {"div": 0.7841377719779081, "attr": [0, 1, 1, 0, 0, 0, 0, 0, 1, 0, 0, 1, 1, 1, 0, 0, 1, 0, 0]}, "1strowrightdrillmaster": {"div": 0.722570069060016, "attr": [0, 1, 1, 0, 1, 0, 0, 0, 1, 0, 0, 1, 0, 1, 0, 0, 1, 0, 1]}, "1strowrightgirl3540": {"div": 0.6485892830121033, "attr": [0, 1, 0, 0, 0, 0, 0, 0, 1, 0, 0, 1, 1, 1, 1, 0, 1, 1, 1]}, "2girl": {"div": 0.768164864270424, "attr": [0, 1, 0, 0, 1, 0, 0, 0, 0, 0, 0, 1, 1, 0, 0, 0, 1, 1, 0]}, "2girlup": {"div": 0.6329118280466616, "attr": [0, 1, 1, 0, 1, 0, 0, 0, 1, 0, 0, 1, 1, 1, 0, 0, 1, 1, 1]}, "2runseven": {"div": 0.6163691830368715, "attr": [0, 1, 0, 0, 1, 0, 0, 0, 1, 0, 1, 1, 0, 1, 0, 0, 0, 1, 0]}, "3bike1": {"div": 0.6130204104988102, "attr": [0, 1, 0, 0, 0, 0, 0, 0, 0, 0, 1, 0, 0, 0, 0, 0, 1, 1, 1]}, "3men": {"div": 0.6797959949767313, "attr": [0, 1, 0, 0, 0, 0, 0, 0, 0, 0, 0, 1, 1, 0, 0, 0, 1, 1, 0]}, "3pinkleft": {"div": 0.7347277284330631, "attr": [0, 1, 0, 0, 0, 0, 0, 0, 1, 0, 1, 1, 0, 1, 0, 0, 1, 1, 1]}, "3rdfatboy": {"div": 0.7829275453504444, "attr": [1, 1, 0, 0, 1, 0, 0, 0, 0, 1, 1, 1, 1, 1, 0, 0, 1, 1, 0]}, "3rdgrouplastboy": {"div": 0.4664462562272364, "attr": [0, 1, 1, 0, 0, 0, 0, 0, 1, 0, 0, 1, 1, 1, 0, 0, 1, 1, 1]}, "3thmoto": {"div": 0.7344887711081636, "attr": [0, 1, 1, 0, 0, 0, 0, 0, 0, 0, 0, 0, 1, 0, 0, 0, 1, 1, 0]}, "4men": {"div": 0.7296415912805596, "attr": [0, 1, 0, 0, 1, 0, 0, 0, 0, 0, 0, 1, 1, 1, 0, 0, 1, 1, 0]}, "4thboywithwhite": {"div": 0.6299964780823258, "attr": [0, 1, 0, 0, 1, 0, 0, 0, 1, 0, 1, 1, 1, 1, 0, 0, 0, 1, 0]}, "7rightorangegirl": {"div": 0.7859900130499615, "attr": [0, 1, 1, 0, 0, 0, 0, 0, 1, 0, 1, 0, 0, 1, 0, 0, 0, 1, 0]}, "AQgirlwalkinrain": {"div": 0.5969819486116196, "attr": [0, 1, 1, 0, 1, 0, 0, 0, 1, 0, 1, 0, 1, 0, 0, 0, 1, 1, 0]}, "AQtruck2north": {"div": 0.7652210667852258, "attr": [1, 0, 0, 0, 0, 0, 0, 0, 0, 0, 0, 0, 0, 0, 0, 0, 1, 1, 0]}, "ab_bikeoccluded": {"div": 0.6831496520316575, "attr": [0, 1, 0, 0, 0, 0, 0, 0, 0, 0, 0, 0, 0, 1, 0, 0, 1, 1, 1]}, "ab_blkskirtgirl": {"div": 0.6652517731101265, "attr": [0, 1, 1, 0, 0, 0, 0, 0, 0, 0, 1, 0, 0, 1, 0, 0, 1, 1, 0]}, "ab_bolstershaking": {"div": 0.6155635580448645, "attr": [0, 1, 1, 0, 0, 1, 0, 1, 0, 0, 0, 0, 1, 1, 0, 0, 1, 1, 1]}, "ab_girlchoosesbike": {"div": 0.6999364031717109, "attr": [0, 1, 1, 0, 0, 0, 0, 0, 0, 0, 1, 0, 1, 0, 0, 0, 1, 1, 0]}, "ab_girlcrossroad": {"div": 0.7352785497759621, "attr": [0, 1, 1, 0, 0, 0, 0, 0, 0, 0, 0, 0, 1, 0, 0, 0, 1, 1, 0]}, "ab_pingpongball2": {"div": 0.5999795253817053, "attr": [0, 1, 0, 0, 1, 0, 0, 0, 1, 0, 1, 0, 1, 1, 0, 0, 1, 1, 0]}, "ab_rightlowerredcup_quezhen": {"div": 0.5635679431831276, "attr": [0, 1, 0, 0, 0, 1, 0, 1, 1, 0, 0, 1, 1, 1, 0, 0, 1, 1, 1]}, "ab_whiteboywithbluebag": {"div": 0.7991813439823261, "attr": [0, 1, 1, 0, 0, 0, 0, 0, 0, 0, 1, 0, 1, 1, 0, 1, 1, 1, 1]}, "advancedredcup": {"div": 0.8322189911700143, "attr": [0, 1, 1, 1, 0, 0, 0, 0, 0, 0, 1, 1, 1, 1, 0, 0, 1, 1, 1]}, "baggirl": {"div": 0.7491521245070304, "attr": [1, 0, 0, 0, 0, 0, 0, 0, 0, 0, 0, 0, 1, 0, 0, 0, 1, 1, 1]}, "ballshootatthebasket3times": {"div": 0.49678994293086043, "attr": [0, 1, 1, 0, 1, 1, 0, 0, 0, 0, 0, 0, 1, 1, 0, 0, 1, 1, 1]}, "basketball849": {"div": 0.5121479919999883, "attr": [0, 1, 1, 0, 0, 1, 0, 0, 1, 0, 1, 0, 1, 1, 0, 0, 1, 1, 0]}, "basketballathand": {"div": 0.5649766789537826, "attr": [0, 1, 1, 0, 1, 1, 0, 0, 0, 0, 0, 0, 1, 1, 0, 0, 1, 0, 0]}, "basketboy": {"div": 0.6348070089085659, "attr": [0, 1, 0, 0, 0, 0, 0, 0, 0, 0, 0, 0, 0, 1, 0, 0, 1, 1, 1]}, "bawgirl": {"div": 0.6827690194737157, "attr": [1, 0, 0, 0, 0, 0, 0, 0, 0, 1, 0, 0, 0, 1, 0, 0, 0, 1, 0]}, "belowdarkgirl": {"div": 0.7165551489966042, "attr": [0, 1, 0, 0, 0, 1, 0, 0, 0, 0, 0, 0, 1, 0, 0, 0, 1, 1, 0]}, "besom3": {"div": 0.8511576807517575, "attr": [0, 1, 0, 0, 1, 0, 0, 0, 0, 0, 0, 0, 0, 0, 0, 0, 1, 1, 1]}, "bike": {"div": 0.7003814604227326, "attr": [1, 1, 1, 0, 0, 1, 0, 0, 1, 0, 0, 0, 1, 0, 0, 0, 1, 1, 0]}, "bike2left": {"div": 0.7833165714732975, "attr": [1, 1, 1, 0, 1, 1, 1, 1, 1, 0, 1, 1, 1, 1, 0, 0, 1, 1, 1]}, "bike2trees": {"div": 0.8339212440450878, "attr": [0, 1, 1, 0, 0, 0, 0, 0, 0, 0, 0, 0, 1, 1, 0, 0, 1, 1, 1]}, "bikeboy": {"div": 0.6020110440005678, "attr": [1, 1, 1, 0, 0, 0, 0, 0, 0, 0, 0, 0, 0, 1, 0, 0, 0, 1, 0]}, "bikeboyintodark": {"div": 0.6672541811483197, "attr": [0, 1, 1, 0, 1, 1, 0, 0, 0, 0, 0, 1, 1, 1, 0, 0, 1, 1, 1]}, "bikeboyright": {"div": 0.5476945505130811, "attr": [0, 1, 0, 0, 1, 0, 0, 0, 0, 0, 0, 1, 0, 0, 0, 0, 1, 1, 0]}, "bikeboyturn": {"div": 0.6480206373375428, "attr": [0, 1, 0, 0, 1, 0, 0, 0, 1, 0, 0, 0, 0, 0, 0, 0, 1, 1, 1]}, "bikeboyturntimes": {"div": 0.6981772665452094, "attr": [0, 1, 0, 0, 0, 0, 0, 0, 0, 0, 0, 0, 0, 0, 0, 0, 0, 1, 1]}, "bikeboywithumbrella": {"div": 0.6656135962674335, "attr": [0, 1, 0, 0, 0, 0, 0, 0, 0, 0, 0, 0, 0, 1, 0, 0, 0, 1, 1]}, "bikefromlight": {"div": 0.5113918773166796, "attr": [0, 1, 0, 0, 0, 0, 1, 0, 0, 0, 0, 0, 0, 1, 0, 0, 0, 1, 0]}, "bikegoindark": {"div": 0.6473024920604463, "attr": [0, 1, 1, 0, 1, 1, 0, 0, 0, 0, 0, 0, 1, 1, 0, 0, 1, 1, 0]}, "bikeinrain": {"div": 0.8824652288277511, "attr": [1, 0, 0, 0, 0, 0, 0, 0, 0, 0, 0, 0, 1, 1, 0, 0, 1, 1, 0]}, "biketurnright": {"div": 0.615906587837815, "attr": [1, 0, 0, 0, 0, 1, 0, 0, 0, 0, 0, 0, 0, 1, 0, 0, 0, 1, 1]}, "blackboy": {"div": 0.6483463707429143, "attr": [1, 0, 0, 0, 1, 0, 0, 0, 0, 0, 0, 1, 1, 1, 0, 0, 0, 1, 0]}, "blackboyoncall": {"div": 0.5816012193872087, "attr": [1, 0, 0, 0, 0, 0, 0, 0, 0, 0, 0, 0, 1, 0, 0, 0, 0, 1, 0]}, "blackcarturn": {"div": 0.7163471120510276, "attr": [1, 0, 0, 0, 0, 0, 0, 0, 0, 0, 0, 0, 0, 0, 0, 0, 1, 1, 1]}, "blackdown": {"div": 0.5303495220839645, "attr": [0, 1, 0, 0, 0, 0, 0, 0, 1, 0, 0, 1, 0, 1, 0, 0, 0, 1, 0]}, "blackgirl": {"div": 0.619187969692132, "attr": [0, 1, 0, 0, 1, 0, 0, 0, 0, 0, 1, 1, 1, 1, 0, 0, 1, 1, 0]}, "blkboy`shead": {"div": 0.630490646316155, "attr": [0, 0, 0, 1, 1, 0, 0, 0, 0, 0, 0, 0, 1, 0, 0, 0, 1, 1, 1]}, "blkboyback": {"div": 0.7955212713521856, "attr": [0, 1, 1, 0, 0, 0, 0, 0, 0, 1, 1, 1, 0, 1, 0, 0, 0, 1, 0]}}, "grouped": [{"attr": "TC", "with_mean": 0.6644797913327979, "with_std": 0.09730157678564605, "with_n": 41, "without_mean": 0.6903202126679343, "without_std": 0.07217184471670612, "without_n": 19}, {"attr": "TO", "with_mean": 0.6815034850314713, "with_std": 0.10573365511550635, "with_n": 23, "without_mean": 0.6671669008003143, "without_std": 0.07982436514726025, "without_n": 37}, {"attr": "PO", "with_mean": 0.6683814923413065, "with_std": 0.09080730457668826, "with_n": 51, "without_mean": 0.6969221528809827, "without_std": 0.08757966277642065, "without_n": 9}, {"attr": "FM", "with_mean": 0.6825998199451947, "with_std": 0.09436246656832434, "with_n": 44, "without_mean": 0.6453352129841814, "without_std": 0.07404640328148053, "without_n": 16}, {"attr": "SV", "with_mean": 0.6724643436680333, "with_std": 0.09291748606951186, "with_n": 54, "without_mean": 0.674446821210278, "without_std": 0.07020055203502638, "without_n": 6}, {"attr": "LI", "with_mean": 0.6257965960956218, "with_std": 0.08427579785399393, "with_n": 11, "without_mean": 0.6831835291486456, "without_std": 0.08899628078799081, "without_n": 49}, {"attr": "BC", "with_mean": 0.685717824294359, "with_std": 0.08819277517551573, "with_n": 19, "without_mean": 0.6666126054571379,