{
  "round": 1,
  "params": {
    "UPT": 0.69,
    "UPH": 0.81,
    "INTER": 55,
    "MB": 724
  },
  "metrics": {
    "precision": 59.02162583749049,
    "recall": 61.464150414895535,
    "fscore": 60.218130322837325
  },
  "target": {
    "precision": 56.61,
    "recall": 59.21,
    "fscore": 57.88
  },
  "beats_base_on_every_metric": true,
  "searched": true
}