{
  "rgbt234_full": {
    "params": {
      "UPT": 0.5,
      "UPH": 0.98,
      "INTER": 25,
      "MB": 437
    },
    "metrics": {
      "mpr": 92.42916736283087,
      "msr": 69.13698895457003
    }
  },
  "depthtrack_full": {
    "params": {
      "UPT": 0.85,
      "UPH": 0.85,
      "INTER": 77,
      "MB": 862
    },
    "metrics": {
      "precision": 66.30256072586528,
      "recall": 69.06193965973594,
      "fscore": 67.65412549216269
    }
  }
}