{
  "params": {
    "UPT": 0.6,
    "UPH": 0.98,
    "INTER": 10,
    "MB": 100
  },
  "metrics": {
    "pr": 77.32249784086656,
    "auc": 61.95738421617586
  },
  "targets": {
    "pr": 77.28,
    "auc": 61.94
  },
  "met": true
}