{
  "params": {
    "UPT": 0.5,
    "UPH": 0.93,
    "INTER": 25,
    "MB": 312
  },
  "metrics": {
    "mpr": 93.37423905144344,
    "msr": 70.01662575965612
  },
  "targets": {
    "mpr": 92.72
  },
  "met": true
}