{
  "params": {
    "UPT": 0.35,
    "UPH": 0.88,
    "INTER": 18,
    "MB": 250
  },
  "metrics": {
    "mpr": 85.70714894107877,
    "msr": 62.804693653433134
  },
  "targets": {
    "mpr": 84.07,
    "msr": 62.73
  },
  "met": true
}