{
  "round": 2,
  "params": {
    "UPT": 0.7,
    "UPH": 0.98,
    "INTER": 70,
    "MB": 100
  },
  "metrics": {
    "auc": 71.99648416650753,
    "pr": 87.92252434886079
  },
  "targets": {
    "auc": 72.16,
    "pr": 87.97
  },
  "met": false
}