{
  "params": {
    "UPT": 0.8,
    "UPH": 0.98,
    "INTER": 70,
    "MB": 300
  },
  "metrics": {
    "auc": 71.65672285984303,
    "pr": 87.46859988541713
  },
  "targets": {
    "auc": 72.0,
    "pr": 88.0
  },
  "met": false
}